{
    "accuracy": 0.6654573010784028,
    "precision": 0.7200516283906823,
    "recall": 0.6991666134491347,
    "f1_score": 0.7094554504567444,
    "roc_auc": 0.7205217508854816
}